Level,Unit,No. ,Word,POS,Chinese Meaning
5,1,1,compact,adj.,緊密的;結實的;小型的
5,1,2,heavenly,adj.,天堂般的
5,1,3,horizontal,adj.,水平的;橫的
5,1,4,infinite,adj.,無限的
5,1,5,naive,adj.,天真的;幼稚的;輕信的
5,1,6,wholesale,adj.,批發的
5,1,7,alternate,v.,輪流
5,1,8,braid,v.,編成辮子;編成穗帶;編結
5,1,9,bulge,v.,膨脹;凸起;裝滿
5,1,10,commission,v.,委任;委託
5,1,11,compliment,v.,讚美;恭維
5,1,12,dispense,v.,分配;執行;配(藥)
5,1,13,exclaim,v.,呼喊;驚叫
5,1,14,freight,v.,裝貨於;運輸(貨物)
5,1,15,issue,v.,發行;發佈
5,1,16,shatter,v.,粉碎;砸碎
5,1,17,whirl,v.,旋轉;迴旋
5,1,18,communism,n.,共產主義
5,1,19,fiancee,n.,未婚妻
5,1,20,majesty,n.,雄偉;壯麗;(帝王的)威嚴
5,1,21,migrant,n.,移民;候鳥
5,1,22,oatmeal,n.,燕麥片;燕麥粥
5,1,23,packet,n.,小包(裹);小捆;小袋
5,1,24,pimple,n.,丘疹;面皰
5,1,25,refuge,n.,躲避;避難;避難所
5,1,26,scorn,n.,輕蔑;嘲笑
5,1,27,spectator,n.,旁觀者;目擊者
5,1,28,statistic,n.,統計量;統計數值
5,1,29,tavern,n.,小酒館;小客棧
5,1,30,temptation,n.,引誘;誘惑;誘惑物
5,1,31,torture,n.,拷打;酷刑;折磨
5,1,32,veil,n.,面紗;帷幕;託詞
5,1,33,warrior,n.,武士;戰士;勇士
5,2,1,abrupt,adj.,突然的;意外的
5,2,2,carefree,adj.,無憂無慮的;輕鬆愉快的
5,2,3,solemn,adj.,嚴肅的;莊嚴的;鄭重的
5,2,4,worthy,adj.,值得的
5,2,5,acknowledge,v.,承認
5,2,6,applaud,v.,向...鼓掌;稱讚
5,2,7,conceal,v.,隱蔽;隱藏
5,2,8,dispose,v.,配置;處置
5,2,9,inherit,v.,繼承(傳統;遺產等)
5,2,10,modernize,v.,使現代化 (美式拼寫)
5,2,11,revolt,v.,反叛;起義;使反感
5,2,12,stink,v.,發惡臭;名聲臭
5,2,13,tangle,v.,使糾結;使混亂
5,2,14,thrust,v.,用力推;刺;插
5,2,15,trifle,v.,戲弄;輕視
5,2,16,tiptoe,v.,踮著腳
5,2,17,blues,n.,藍調;憂鬱
5,2,18,bosom,n.,胸;乳房;(衣服的)襟;胸懷
5,2,19,caretaker,n.,照顧者;管理人
5,2,20,circuit,n.,環道;一圈;巡迴路線;電路
5,2,21,consent,n.,同意;贊成
5,2,22,convict,n.,(服刑的)囚犯
5,2,23,eyelash,n.,(一根)睫毛;
5,2,24,flip,n.,輕彈;輕擊
5,2,25,framework,n.,架構;組織
5,2,26,fuse,n.,保險絲;引信
5,2,27,gloom,n.,陰暗;暗處;沮喪的氣氛
5,2,28,hiss,n.,嘶嘶聲;噓聲
5,2,29,initiate,n.,初學者;新加入者
5,2,30,league,n.,同盟;聯盟
5,2,31,octopus,n.,章魚
5,2,32,orient,n.,亞洲國家(尤指東亞)
5,2,33,parlor,n.,客廳;接待室
5,2,34,plantation,n.,大農園;造林地
5,2,35,plow,n.,犁;除雪機 (=plough)
5,2,36,revolt,n.,反叛;起義;反感
5,2,37,rifle,n.,步槍;來福槍
5,2,38,shred,n.,碎片;碎條;破布
5,3,1,allergic,adj.,過敏的
5,3,2,extraordinary,adj.,異常的;特別的
5,3,3,marginal,adj.,頁邊的;邊緣的;不重要的
5,3,4,ensure,v.,保證;擔保
5,3,5,impose,v.,徵(稅);加(負擔等)於
5,3,6,jaywalk,v.,不守交通規則橫穿馬路
5,3,7,pulse,v.,搏動;跳動;振動
5,3,8,steer,v.,掌(船)
5,3,9,surge,v.,(海浪) 湧動
5,3,10,AI,n.,人工智慧 (artificial intelligence)
5,3,11,boulevard,n.,林蔭大道;大馬路
5,3,12,bound,n.,跳躍;領域;界限
5,3,13,clause,n.,(文件的)條款;子句
5,3,14,courtyard,n.,庭院;天井
5,3,15,crib,n.,嬰兒床
5,3,16,devotion,n.,奉獻
5,3,17,flap,n.,薄片;(信封的)蓋口;拍動
5,3,18,isle,n.,小島
5,3,19,landlord,n.,房東
5,3,20,mansion,n.,大廈;大樓
5,3,21,maple,n.,槭樹;楓樹
5,3,22,mint,n.,薄荷;薄荷糖;造幣廠
5,3,23,procession,n.,一(長)列;一(長)排;隊伍
5,3,24,sneaker,n.,運動鞋
5,3,25,trout,n.,鱒魚;鮭鱒魚
5,3,26,worship,n.,崇拜;敬神;禮拜
5,4,1,elaborate,adj.,精心製作的;煞費苦心的;辛勤的
5,4,2,poetic,adj.,詩的;韻文的
5,4,3,conduct,v.,引導;帶領
5,4,4,convict,v.,證明...有罪;判...有罪
5,4,5,discard,v.,拋棄;摒棄;丟棄
5,4,6,mash,v.,把...搗成糊狀;壓碎
5,4,7,piss,v.,小便
5,4,8,prey,v.,捕食;掠奪
5,4,9,stump,v.,砍去...的幹;作巡迴政治演說; 把...難住
5,4,10,beforehand,adv.,事先;提前地
5,4,11,underneath,adv.,在下面;在底下
5,4,12,backbone,n.,脊柱;支柱;骨幹
5,4,13,blacksmith,n.,鐵匠
5,4,14,blur,n.,模糊;模糊不清的事物
5,4,15,briefcase,n.,公事包
5,4,16,brotherhood,n.,兄弟關係;同志關係
5,4,17,cannon,n.,大砲;榴彈砲
5,4,18,crocodile,n.,鱷魚
5,4,19,foil,n.,箔;花劍劍術
5,4,20,fraction,n.,小部分;片段;碎片
5,4,21,interpreter,n.,通譯員
5,4,22,nibble,n.,細咬;啃;少量
5,4,23,notable,n.,名人;顯要人物
5,4,24,notion,n.,概念;想法;打算
5,4,25,orchard,n.,果樹園;果樹林
5,4,26,purchase,n.,所購之物
5,4,27,rib,n.,肋骨;排骨
5,4,28,robin,n.,知更鳥
5,4,29,snore,n.,打鼾;鼾聲
5,4,30,tin,n.,錫;罐頭
5,5,1,colonial,adj.,殖民地的;殖民的
5,5,2,contemporary,adj.,當代的
5,5,3,enthusiastic,adj.,熱情的;熱烈的
5,5,4,falter,v.,踉蹌;搖晃;結巴地說話
5,5,5,gleam,v.,發微光;閃現
5,5,6,ornament,v.,裝飾;美化
5,5,7,ripple,v.,起漣漪;(頭髮等)波浪式
5,5,8,rival,v.,與...競爭;比得上
5,5,9,squash,v.,把...壓扁(壓碎)
5,5,10,startle,v.,使驚嚇;使驚奇
5,5,11,ace,n.,(紙牌)A;么點牌;專家;發球得分
5,5,12,algebra,n.,代數
5,5,13,alien,n.,外國人;外星人
5,5,14,allergy,n.,過敏症
5,5,15,bachelor,n.,單身漢
5,5,16,coral,n. adj.,珊瑚(色的)
5,5,17,crossing,n.,交叉;交叉點;橫穿;雜交
5,5,18,flake,n.,小薄片
5,5,19,geometry,n.,幾何學
5,5,20,hostage,n.,人質;抵押品
5,5,21,lash,n.,鞭打;(風浪等的)猛烈打擊;斥責
5,5,22,overflow,n.,溢出;過剩;泛濫
5,5,23,ranch,n.,大牧場
5,5,24,saddle,n.,馬鞍;(自行車摩托車的)車座
5,5,25,snort,n.,噴鼻息;噴氣聲
5,5,26,toil,n.,辛苦;勞累;苦工
5,6,1,absurd,adj.,荒謬的;愚蠢的
5,6,2,ample,adj.,大量的;充裕的
5,6,3,beloved,adj.,心愛的
5,6,4,inland,adj.,內地的;內陸的
5,6,5,worthwhile,adj.,值得花費時間(或金錢)
5,6,6,beware,v.,當心;提防
5,6,7,bolt,v.,閂上;用螺栓拴緊;吞吃;衝出
5,6,8,compass,v.,圖謀;計劃;包圍;達到;理解
5,6,9,condemn,v.,責備;譴責;判刑
5,6,10,despise,v.,鄙視
5,6,11,penetrate,v.,穿過;透過;識破;滲透入
5,6,12,quiver,v.,顫抖;抖動(翅膀等)
5,6,13,recommend,v.,推薦;介紹
5,6,14,suppress,v.,鎮壓;壓制;抑制
5,6,15,tan,v.,曬成棕褐色;鞣(皮)
5,6,16,tilt,v.,使傾斜;使翹起;偏向
5,6,17,astonishment,n.,驚訝;驚愕
5,6,18,auxiliary,n.,輔助者;助動詞
5,6,19,bog,n.,沼澤;泥塘
5,6,20,breadth,n.,寬度;幅度;寬宏
5,6,21,bribe,n.,賄賂
5,6,22,calligraphy,n.,書法;筆跡
5,6,23,checkup,n.,檢查;體檢
5,6,24,chimpanzee,n.,黑猩猩
5,6,25,guideline,n.,指南;指導方針
5,6,26,lawmaker,n.,立法者
5,6,27,legislation,n.,立法;法規
5,6,28,massage,n.,按摩(術);推拿
5,6,29,olive,n. adj.,橄欖(的);橄欖色
5,6,30,particle,n.,微粒;顆粒
5,6,31,sculptor,n.,雕刻家
5,6,32,solo,n. adj.,獨奏(曲);獨唱(曲);單飛
5,6,33,stain,n.,污點;色斑;染色劑
5,6,34,tempo,n.,速度;拍子
5,6,35,traitor,n.,叛徒;賣國賊;背叛者
5,6,36,wade,n.,跋涉;艱難的行走
5,6,37,wharf,n.,碼頭;停泊處
5,7,1,barren,adj.,貧瘠的;荒蕪的;不妊的
5,7,2,superficial,adj.,外表的;粗略的;膚淺的
5,7,3,verbal,adj.,言辭上的;動詞的
5,7,4,contemplate,v.,凝視;思忖;仔細考慮
5,7,5,curb,v.,控制;遏止;勒住
5,7,6,quack,v.,(鴨) 嘎嘎叫
5,7,7,soften,v.,使變柔軟;使變和藹
5,7,8,supervise,v.,監督;管理;指導
5,7,9,thrill,v.,使興奮;使激動;使毛骨悚然;顫抖
5,7,10,whine,v.,發哀鳴聲;發牢騷
5,7,11,inwards,adv.,向內
5,7,12,altitude,n.,高度;海拔
5,7,13,belongings,n.,財產;攜帶物品
5,7,14,bleach,n.,漂白;漂白劑
5,7,15,coastline,n.,海岸線
5,7,16,crystal,n.,水晶
5,7,17,fertilizer,n.,肥料 (美式拼寫)
5,7,18,freight,n.,(船運的) 貨物;運費
5,7,19,lotus,n.,蓮花
5,7,20,mode,n.,方式;型;模式
5,7,21,motherhood,n.,母性;(總稱)母親們
5,7,22,paddle,n.,槳;(桌球的)球拍
5,7,23,reel,n.,捲軸;捲筒;一捲
5,7,24,slap,n.,摑;侮辱
5,7,25,stutter,n.,結巴;口吃
5,7,26,swarm,n.,(密集的)一大群
5,7,27,vertical,n.,垂直線;垂直面
5,8,1,cowardly,adj.,膽小的;懦怯的
5,8,2,erect,adj.,豎起的
5,8,3,immense,adj.,巨大的;廣大的
5,8,4,overall,adj.,總的;全部的;全面的
5,8,5,prehistoric,adj.,史前的;舊式的
5,8,6,astonish,v.,使吃驚;使驚訝
5,8,7,foul,v.,污染;玷污;犯規;塞住
5,8,8,justify,v.,證明...是正當的;辯解
5,8,9,patrol,v.,巡邏;巡查
5,8,10,slump,v.,(沈重地)倒下;(經濟)衰落
5,8,11,snort,v.,噴鼻息;輕蔑(或憤怒)
5,8,12,soak,v.,浸泡;使濕透
5,8,13,stroll,v.,散步;溜達
5,8,14,hence,adv.,因此;由此
5,8,15,solo,adv.,單獨地
5,8,16,underneath,prep.,在...下面
5,8,17,abortion,n.,墮胎
5,8,18,brace,n.,支柱;大括號;(牙齒)矯正器
5,8,19,category,n.,種類;類別
5,8,20,cathedral,n.,大教堂
5,8,21,chairman,n.,主席
5,8,22,commodity,n.,商品;日用品
5,8,23,crunch,n.,嘎吱吱(咬嚼)聲音;關鍵時刻
5,8,24,molecule,n.,分子;微小顆粒
5,8,25,rally,n.,大集會;重整旗鼓
5,8,26,shortage,n.,缺少;不足;匱乏
5,8,27,shrine,n.,聖壇;神殿
5,8,28,sovereign,n.,君主;元首;主權國家
5,9,1,constitutional,adj.,憲法的;生來的
5,9,2,kin,adj. n.,有親屬關係的;同類的;類似的; 親屬
5,9,3,fuss,v.,忙亂;小題大作;爭辯
5,9,4,linger,v.,繼續逗留;持續;磨蹭
5,9,5,sprint,v.,奮力而跑;衝刺
5,9,6,stray,v.,迷路;流浪;分心;入歧途
5,9,7,vacuum,v.,吸塵
5,9,8,astray,adv.,迷路;離開正道
5,9,9,outward,adv.,向外;出海;出港
5,9,10,advertiser,n.,刊登廣告者;廣告客戶
5,9,11,commonplace,n. adj.,司空見慣的(事);老生常談(的); 平凡的
5,9,12,compromise,n.,妥協;危及;(原則等的)放棄
5,9,13,drape,n.,簾(尤指窗簾);幔
5,9,14,herb,n.,草本植物;藥草
5,9,15,hijack,n.,劫持事件
5,9,16,jack,n.,千斤頂;(紙牌中的)J牌;杰克;水手
5,9,17,ratio,n.,比率;比例
5,9,18,salute,n.,敬禮;致敬;致意
5,9,19,spur,n.,踢馬刺;激勵;(雞等的)距;骨刺
5,9,20,stall,n.,廄;攤位;(汽車的)拋錨
5,9,21,stink,n.,臭氣
5,9,22,vacuum,n.,真空;空白;吸塵器
5,10,1,adolescent,adj.,青少年的;未成熟的
5,10,2,chestnut,adj.n.,栗子; 栗數; 栗色(的)
5,10,3,extinct,adj.,(火等)熄滅的; 滅絕的; 消亡的
5,10,4,interior,adj.,內的;內部的
5,10,5,lofty,adj.,高聳的;極高的;高傲的
5,10,6,ragged,adj.,破爛的;不整潔的;參差不齊的
5,10,7,vertical,adj.,垂直的;豎的
5,10,8,accustom,v.,使習慣於
5,10,9,flourish,v.,茂盛;繁茂;興旺
5,10,10,indulge,v.,沈迷於;滿足(慾望等)
5,10,11,lodge,v.,租房間給...住;申訴;暫住;投宿
5,10,12,manifest,v.,表明;顯示
5,10,13,orient,v.,使...朝東;定方位;使熟悉情況
5,10,14,plead,v.,為(案件) 辯護; 懇求; 聲援
5,10,15,reverse,v.,翻轉;倒退;反向
5,10,16,shield,v.,保護;庇護;掩蓋
5,10,17,tuck,v.,把...塞進;使有褶襉
5,10,18,venture,v.,冒險;大膽行事
5,10,19,ward,v.,避開;擋開
5,10,20,astronomer,n.,天文學家
5,10,21,awe,n.,敬畏;畏怯
5,10,22,chairwoman,n.,女主席;女議長
5,10,23,hymn,n.,讚美詩;聖歌
5,10,24,index,n.,索引;標誌;指示符號
5,10,25,peek,n.,偷偷看;一瞥
5,10,26,perch,n.,(鳥類的)棲息處
5,10,27,pinch,n.,擰;夾;(一)撮
5,10,28,vanity,n.,自負;虛榮;梳妝臺
5,10,29,workshop,n.,作坊;研討會
5,11,1,antique,adj.,年代久遠的;古董的
5,11,2,exceptional,adj.,例外的;異常的;特殊的
5,11,3,intent,adj.,專注的;熱切的;堅決要做的
5,11,4,obstinate,adj.,頑固的;頑強的
5,11,5,toxic,adj.,毒(性)的
5,11,6,upright,adj.,挺直的;直立的;正直的
5,11,7,flake,v.,使成薄片;像雪花般覆蓋; 剝落
5,11,8,glitter,v.,閃爍;光彩奪目
5,11,9,overflow,v.,漫出; 溢出
5,11,10,reign,v.,君臨;統治
5,11,11,sober,v.,使醒酒;使清醒;變得嚴肅
5,11,12,stall,v.,把...關入畜舍;使拋錨;支吾;拖延
5,11,13,stew,v.,(用文火)燉
5,11,14,whisk,v.,撢;打(蛋等); 迅速移動
5,11,15,bodyguard,n.,保鏢;護衛隊
5,11,16,carnival,n.,狂歡節;嘉年華會
5,11,17,gay,n.,同性戀者
5,11,18,gross,n.,總額;總量
5,11,19,hover,n.,盤旋;徘徊
5,11,20,laser,n.,雷射
5,11,21,lizard,n.,蜥蜴
5,11,22,shield,n.,盾;保護者;擋板
5,11,23,torrent,n.,洪流;(話語的)連發;(感情的)狂潮
5,11,24,vow,n.,誓言;誓約
5,12,1,counterclockwise,adj. adv.,逆時針方向的 (地)
5,12,2,grim,adj.,無情的;嚴厲的;恐怖的
5,12,3,noticeable,adj.,顯而易見的;顯著的
5,12,4,potential,adj.,潛在的;可能的
5,12,5,compromise,v.,妥協;危及;洩露(祕密等)
5,12,6,decay,v.,腐朽;衰退
5,12,7,grip,v.,握牢;(咬或夾)緊
5,12,8,insure,v.,投保;確保
5,12,9,kindle,v.,點燃;煽動;照亮
5,12,10,navigate,v.,航行於;飛行於;操縱;導航
5,12,11,paddle,v.,用槳划(船)
5,12,12,restrain,v.,抑制;約束
5,12,13,slaughter,v.,屠宰;屠殺
5,12,14,streak,v.,形成條紋;疾駛;閃現
5,12,15,stun,v.,使昏迷;使大吃一驚
5,12,16,prior,adv.,在前;居先
5,12,17,whereabouts,adv.,在哪裡
5,12,18,cellar,n.,地下室;地窖;酒窖
5,12,19,cello,n.,大提琴
5,12,20,Centigrade,n.,攝氏度
5,12,21,checkbook,n.,支票簿
5,12,22,chef,n.,(餐館等的)主廚;大師傅
5,12,23,chili,n.,紅辣椒
5,12,24,ethic,n.,倫理標準
5,12,25,fiddle,n.,小提琴;欺詐
5,12,26,garment,n.,服裝;衣著
5,12,27,masterpiece,n.,傑作;名作
5,12,28,prophet,n.,先知
5,12,29,shortcoming,n.,缺點;短處
5,12,30,stereotype,n.,陳規;鉛版印刷
5,12,31,vapor,n.,水汽; 水蒸氣 (美式拼寫)
5,12,32,villain,n.,壞人;反派角色
5,13,1,cozy,adj.,舒適的;愜意的
5,13,2,indifferent,adj.,不感興趣的;中立的;無關緊要的
5,13,3,commute,v.,減刑;通勤
5,13,4,consent,v.,同意;贊成
5,13,5,magnify,v.,放大;擴大;誇張
5,13,6,mingle,v.,使混合;使相混;交往
5,13,7,pledge,v.,保證給予;許諾;發誓
5,13,8,prop,v.,支撐;維持;架;擱
5,13,9,stagger,v.,搖搖晃晃;蹣跚而行
5,13,10,strand,v.,使擱淺;處於困境
5,13,11,tile,v.,鋪砌瓦(或瓷磚等)
5,13,12,versus,prep.,(常略作v.或vs.)與...相對
5,13,13,via,prep.,經由;取道;憑藉
5,13,14,admiral,n.,艦隊司令; 海軍上將
5,13,15,banquet,n. v.,(舉辦) 盛宴
5,13,16,bazaar,n.,(中東的)市場;商店街;義賣
5,13,17,commission,n.,佣金
5,13,18,fiancé,n.,未婚夫
5,13,19,fume,n.,煙;氣;憤怒
5,13,20,gorilla,n.,大猩猩
5,13,21,gypsy,n.,吉普賽人;流浪者
5,13,22,maintenance,n.,維持;維修;保養
5,13,23,mustard,n.,芥末;芥菜;芥末色
5,13,24,shriek,n.,尖叫聲
5,13,25,stray,n.,迷路者;流浪者;走失的家畜
5,13,26,stripe,n.,條紋;斑紋;線條
5,13,27,undergraduate,n.,大學生;大學肄業生
5,13,28,venture,n.,冒險;企業
5,14,1,astray,adj.,迷路的;離開正道的
5,14,2,executive,adj.,執行的;行政部門的
5,14,3,feminine,adj. n.,女性(的);女孩氣(的);陰性(的)
5,14,4,notify,v.,通知;公佈
5,14,5,resume,v.,重新開始;繼續;恢復
5,14,6,taunt,v.,辱罵;嘲笑;奚落
5,14,7,barefoot,adv.,赤著腳地
5,14,8,batch,n.,一批;一群;一爐;一團
5,14,9,braid,n.,髮辮;穗帶
5,14,10,bulge,n.,腫脹;凸塊;增長
5,14,11,extension,n.,伸長;擴大;延期
5,14,12,flick,n.,(鞭子的)輕打;(手指的)輕彈
5,14,13,mash,n.,糊狀物;混合飼料
5,14,14,mutter,n.,咕噥;抱怨
5,14,15,oriental,n. adj.,東方人(的);亞洲人(的)
5,14,16,outskirts,n.,(複數)郊外;郊區
5,14,17,Pacific,n.,(大寫)太平洋
5,14,18,patron,n.,贊助者;主顧(尤指老顧客)
5,14,19,prospect,n.,預期;前途;盼望的事物
5,14,20,rumble,n.,隆隆聲;轆轆聲
5,14,21,sensation,n.,感覺;知覺;轟動
5,14,22,smash,n.,粉碎;瓦解;(演出等的)成功
5,14,23,stanza,n.,詩的一節
5,14,24,wildlife,n.,野生生物
5,15,1,considerate,adj.,體諒的
5,15,2,terminal,adj.,末端的;終點的; 晚期的
5,15,3,enroll,v.,把...記入名冊;登記
5,15,4,heed,v.,留心;注意
5,15,5,lump,v.,弄成一團;歸併到一起
5,15,6,roam,v.,漫步;漫遊;流浪
5,15,7,sustain,v.,支撐;承受
5,15,8,utter,v.,發出(聲音等);說;講
5,15,9,wither,v.,枯萎;凋謝
5,15,10,zoom,v.,發出嗡嗡聲;將畫面推近或拉遠
5,15,11,downward,adv.,向下;日趨沒落地;(時間)往後推移地
5,15,12,brood,n.,一窩孵出的雛鳥;一家的孩子們
5,15,13,clam,n.,蛤;蚌;守口如瓶的人
5,15,14,conserve,n.,糖漬食品;蜜餞;果醬
5,15,15,cuisine,n.,烹飪(法);菜餚
5,15,16,declaration,n.,宣佈;宣告;宣言;聲明
5,15,17,driveway,n.,車道
5,15,18,dwarf,n.,矮子;矮小的動(植)物
5,15,19,growl,n.,嗥叫(聲);咆哮
5,15,20,juvenile,n.,青少年;幼體;兒童讀物
5,15,21,organizer,n.,組織者;萬用記事本 (美式拼寫)
5,15,22,scrape,n.,刮;擦;擦傷;擦痕
5,15,23,series,n.,連續;系列
5,15,24,server,n.,侍者;伺服器
5,15,25,silkworm,n.,蠶
5,15,26,sole,n.,腳底;鞋底;襪底;底部;比目魚
5,15,27,strand,n.,股;縷;絞;線;繩;串
5,15,28,stride,n.,闊步;步姿
5,15,29,thrust,n.,猛推;刺;驅動力; 要點
5,15,30,tiptoe,n.,腳趾尖
5,15,31,tuna,n.,鮪魚
5,15,32,upright,n.,垂直;豎立;直立的東西
5,16,1,contagious,adj.,接觸傳染的;(感情等)有感染力的
5,16,2,beautify,v.,使更加美麗;美化
5,16,3,conceive,v.,構想出;設想;懷孕
5,16,4,haul,v.,拖;拉;拖運
5,16,5,hurl,v.,猛力投擲;發射;厲聲叫罵
5,16,6,nibble,v.,一點點地咬(或吃)
5,16,7,reap,v.,收割;收穫
5,16,8,retort,v.,反駁;回嘴
5,16,9,scramble,v.,攀爬;雜亂蔓延;爭奪
5,16,10,shudder,v.,發抖;戰慄
5,16,11,snatch,v.,奪走;抓住
5,16,12,stack,v.,把...疊成堆;堆放
5,16,13,strain,v.,拉緊;伸張;竭力;扭傷;過濾
5,16,14,nonetheless,adv.,但是;仍然
5,16,15,assault,n.,暴行;攻擊;抨擊;施暴
5,16,16,barbershop,n.,理髮店
5,16,17,beloved,n.,心愛的人
5,16,18,brooch,n.,女用胸針(或領針)
5,16,19,calf,n.,小牛;(鯨象等的)幼兒;小腿
5,16,20,canal,n.,運河;河渠
5,16,21,check-in,n.,辦理投宿(或登機)手續;報到
5,16,22,compound,n.,混合物
5,16,23,fatigue,n.,疲勞;勞累
5,16,24,fuss,n.,忙亂;小題大作;爭論
5,16,25,glare,n.,瞪眼;怒視;刺眼的強光
5,16,26,haul,n.,拖;拉;拖運;一次獲得的量
5,16,27,locust,n.,蝗蟲
5,16,28,mainland,n.,大陸
5,16,29,mistress,n.,女主人;主婦; 情婦
5,16,30,pluck,n.,(一)拉;(一)扯; 勇氣
5,16,31,poultry,n.,家禽
5,16,32,pyramid,n.,(常大寫)金字塔;三角錐
5,16,33,rhino,n.,犀牛 (簡寫)
5,16,34,scrap,n.,碎片;小塊;破爛
5,16,35,stagger,n.,搖晃;蹣跚
5,16,36,statesman,n.,政治家
5,16,37,steward,n.,男服務員;管家
5,16,38,tile,n.,瓦;瓷磚;地磚;(麻將等的)牌
5,17,1,federal,adj.,聯邦(制)的
5,17,2,lifelong,adj.,終身的;一輩子的
5,17,3,priceless,adj.,無價的;稀世之珍的
5,17,4,bribe,v.,向...行賄
5,17,5,chant,v.,反覆地唱(或說)
5,17,6,compound,v.,使惡化;使混合;使合成;以複利計算; 妥協
5,17,7,perceive,v.,察覺;感知;意識到
5,17,8,prospect,v.,勘探;找礦
5,17,9,resort,v.,訴諸;憑藉
5,17,10,snarl,v.,吠;咆哮;纏結
5,17,11,spotlight,v.,聚光照明;使公眾注意
5,17,12,swarm,v.,成群地移動(或飛行);擠滿
5,17,13,tramp,v.,腳步沈重地行走;踐踏;流浪
5,17,14,affection,n.,愛慕;鍾愛
5,17,15,anthem,n.,國歌;頌歌
5,17,16,applause,n.,鼓掌歡迎;喝采
5,17,17,boyhood,n.,(男性的)童年
5,17,18,delegate,n.,代表;會議代表
5,17,19,mermaid,n.,美人魚
5,17,20,pledge,n.,保證;誓言;抵押
5,17,21,potential,n.,可能性;潛力;潛能
5,17,22,preview,n.,預習;預告片
5,17,23,profile,n.,側影;輪廓;人物簡介
5,17,24,ripple,n.,漣漪;細浪;波紋
5,17,25,rival,n.,競爭者;對手;敵手
5,17,26,snarl,n.,吠;咆哮;纏結
5,17,27,superstition,n.,迷信
5,17,28,supervisor,n.,管理人;指導者
5,17,29,tar,n.,柏油;瀝青; 水手
5,17,30,treasury,n.,金庫;庫房;國庫;寶庫
5,17,31,tribute,n.,進貢;敬意;尊崇
5,18,1,compassionate,adj.,有同情心的;慈悲的
5,18,2,descriptive,adj.,描寫的;描述性的
5,18,3,frantic,adj.,(因喜悅或憤怒等) 緊張、狂亂
5,18,4,mortal,adj.,會死的;凡人的;致命的;極度的
5,18,5,rugged,adj.,高低不平的;粗糙的;粗線條的
5,18,6,blot,v.,污損(名譽);(用吸墨紙)吸乾
5,18,7,devour,v.,狼吞虎嚥地吃;吞沒
5,18,8,equate,v.,用符號表示某種關係;等同
5,18,9,fume,v.,冒煙;薰;發怒
5,18,10,howl,v.,嗥叫;怒吼;大哭;大笑
5,18,11,modify,v.,更改;修改
5,18,12,revive,v.,復甦;恢復生機;使甦醒
5,18,13,tackle,v.,著手對付(或處理);擒抱並摔倒
5,18,14,asset,n.,財產;資產
5,18,15,ban,n.,禁止;禁令
5,18,16,blizzard,n.,大風雪
5,18,17,dresser,n.,衣櫃
5,18,18,fiber,n.,纖維
5,18,19,grant,n.,獎學金;助學金
5,18,20,hood,n.,兜帽;風帽;罩;車蓋
5,18,21,jury,n.,陪審團
5,18,22,meantime,n.,其時;其間
5,18,23,ounce,n.,盎司;英兩
5,18,24,peg,n.,栓;樁;(曬衣用)衣夾;(木製)假腿
5,18,25,rhinoceros,n.,犀牛 (=rhino)
5,18,26,scent,n.,氣味;香味;蹤跡
5,18,27,shove,n.,推;撞
5,18,28,tick,n.,(鐘;錶等的)滴答聲;蝨
5,18,29,umpire,n.,仲裁人;(棒球等的)裁判員
5,18,30,underline,n.,底線
5,18,31,viewer,n.,觀看者;觀眾
5,18,32,ware,n.,(特定種類的)物品;器皿; 製品
5,19,1,bass,adj.,低沈的;男低音的
5,19,2,inward,adj.,裡面的;內部的;內心的;向內的
5,19,3,sacred,adj.,神的;神聖的
5,19,4,stern,adj.,嚴厲的;堅定的
5,19,5,peg,v.,用木釘釘;用木夾夾
5,19,6,rifle,v.,洗劫;劫掠; 快速搜尋
5,19,7,exaggeration,n.,誇張
5,19,8,heterosexual,adj. n.,異性戀的(人)
5,19,9,lime,n.,石灰;酸橙
5,19,10,outsider,n.,外人;門外漢;局外人
5,19,11,peddler,n.,小販
5,19,12,specialist,n.,專家;專科醫生
5,19,13,thorn,n.,刺;棘;惱人的事或人
5,19,14,toad,n.,蟾蜍;令人討厭的人
5,19,15,tournament,n.,比賽;錦標賽
5,19,16,tuition,n.,學費
5,19,17,vine,n.,藤;藤蔓;葡萄樹
5,19,18,widow,n.,寡婦
5,19,19,widower,n.,鰥夫
5,20,1,apt,adj.,易於...的;恰當的;聰明的
5,20,2,blond,adj.,白膚金髮碧眼的
5,20,3,lame,adj.,跛腳的;站不住腳的
5,20,4,marine,adj.,海的;海生的;海軍陸戰隊的
5,20,5,ban,v.,禁止;取締
5,20,6,erupt,v.,噴出;爆發
5,20,7,exceed,v.,超過;勝過
5,20,8,filter,v.,過濾;滲透
5,20,9,honk,v.,發雁鳴;按喇叭
5,20,10,jolly,v.,用好話勸(某人); 使更高興
5,20,11,persist,v.,堅持;固執
5,20,12,scroll,v.,使成卷形;用渦卷飾裝飾
5,20,13,shriek,v.,尖叫;發出尖聲
5,20,14,vow,v.,發誓要;鄭重宣告
5,20,15,anchor,n.,錨;靠山;電視新聞節目主持人
5,20,16,attendance,n.,出席;出席人數;侍候
5,20,17,check-out,n.,檢查;調查;付款退租;下班離開
5,20,18,doorway,n.,出入口;門口
5,20,19,exterior,n.,外部;外表;外景
5,20,20,flourish,n.,揮舞;炫耀性的動作
5,20,21,grumble,n.,牢騷;轟隆聲
5,20,22,midst,n.,當中;中間
5,20,23,novice,n.,新手;初學者
5,20,24,peril,n.,(嚴重的)危險;危險的事物
5,20,25,pistol,n.,手槍
5,20,26,savage,n.,野蠻人
5,20,27,treaty,n.,條約;協定
5,21,1,dreadful,adj.,可怕的
5,21,2,forgetful,adj.,健忘的
5,21,3,homosexual,adj. n.,同性戀(的)
5,21,4,tentative,adj.,試驗性的;暫時性的;猶豫的
5,21,5,bruise,v.,使受瘀傷;碰傷(水果)
5,21,6,fuse,v.,把保險絲接入(電路); 融合
5,21,7,rib,v.,裝肋於;嘲弄
5,21,8,sharpen,v.,削尖;磨快
5,21,9,shiver,v.,發抖;打顫
5,21,10,shred,v.,切成條狀;用碎紙機撕毀(文件)
5,21,11,simmer,v.,煨;燉;(危機等)
5,21,12,slap,v.,摑...耳光;侮辱
5,21,13,tenant,v.,租;租賃;居住於
5,21,14,yield,v.,出產;使屈服;讓路
5,21,15,decay,n.,腐爛;蛀牙
5,21,16,detergent,n.,洗潔劑;洗衣粉
5,21,17,doorstep,n.,門階
5,21,18,grease,n.,油脂;賄賂
5,21,19,greed,n.,貪心
5,21,20,hockey,n.,曲棍球
5,21,21,latitude,n.,緯度;
5,21,22,lottery,n.,獎券;彩票;抽籤;運氣
5,21,23,oath,n.,誓言;宣誓
5,21,24,shudder,n.,發抖;戰慄
5,21,25,teller,n.,敘述者;(銀行)出納員
5,22,1,clockwise,adv.,順時針方向地; 右旋地
5,22,2,hearty,adj.,衷心的;健壯的;豐盛的
5,22,3,mock,adj.,假的;假裝的;模擬的
5,22,4,secure,adj.,安全的牢固的
5,22,5,tan,adj.,鞣革的;棕褐色的
5,22,6,contend,v.,爭取;競爭;搏鬥;聲稱
5,22,7,elevate,v.,提高;振奮;升職
5,22,8,esteem,v.,尊重;評價
5,22,9,exclude,v.,拒絕接納;排除在外
5,22,10,rally,v.,召集;團結;重新振作
5,22,11,saddle,v.,給(馬) 備馬鞍; 讓...肩負重擔
5,22,12,smash,v.,粉碎;瓦解;殺球
5,22,13,spur,v.,用靴刺踢;鞭策;鼓勵
5,22,14,torment,v.,使痛苦;折磨;煩擾
5,22,15,wholesale,adv.,以批發方式;全部地
5,22,16,acne,n.,粉刺
5,22,17,chairperson,n.,主席(沒有性別歧視的字眼)
5,22,18,delegation,n.,授權;代表團
5,22,19,disbelief,n.,不信;懷疑
5,22,20,enrollment,n.,登記;入會;入伍;登記人數 (美式拼寫)
5,22,21,fabric,n.,布料;織品
5,22,22,gulp,n.,吞嚥;一(大)口;哽塞(聲)
5,22,23,janitor,n.,清潔工;管理員;看門人
5,22,24,mumble,n.,含糊的話;咕噥
5,22,25,ostrich,n.,駝鳥;有駝鳥心理的人
5,22,26,playwright,n.,劇作家
5,22,27,stew,n.,燉肉;燜菜;燉煮的食物
5,22,28,taunt,n.,辱罵;嘲笑;被嘲笑的人
5,22,29,tyrant,n.,暴君;專橫的人
5,22,30,videotape,n. v.,錄影帶;錄像帶; 錄影
5,22,31,wail,n.,慟哭聲;哀訴
5,23,1,jolly,adj. n.,快活的;高興的
5,23,2,lonesome,adj.,寂寞的;孤單的;荒涼的
5,23,3,masculine,adj. n.,男性的;男子氣概的
5,23,4,nonviolent,adj.,非暴力的
5,23,5,adore,v.,崇拜;愛慕
5,23,6,blast,v.,炸開;吹奏;嚴厲批評
5,23,7,blaze,v.,燃燒;閃耀;炫示
5,23,8,cluster,v.,使成簇(或群)
5,23,9,excel,v.,勝過;突出
5,23,10,fascinate,v.,迷住;使神魂顛倒
5,23,11,herald,v.,宣佈;通報;預示...的來臨
5,23,12,institute,v.,創立;設立;開始
5,23,13,massage,v.,給...按摩(或推拿)
5,23,14,revolve,v.,旋轉;自轉;以...為中心
5,23,15,torture,v.,拷打;拷問;折磨
5,23,16,inward,adv.,向內;向中心
5,23,17,whereas,conj.,(常用在句首)反之;而
5,23,18,agony,n.,極度痛苦
5,23,19,blot,n.,墨水漬;污漬;污點
5,23,20,clutch,n.,爪子;手;掌握;攫取;離合器
5,23,21,colleague,n.,同事;同僚
5,23,22,filter,n.,濾器
5,23,23,hairstyle,n.,髮型
5,23,24,mileage,n.,總英里數;(每單位燃料的)行駛哩數
5,23,25,shutter,n.,關閉物;活動遮板;(相機的)快門
5,24,1,muscular,adj.,肌肉的;健壯的
5,24,2,nude,adj. n.,裸的;與生俱有的; 裸體者(的)
5,24,3,wary,adj.,小心翼翼的;謹防的
5,24,4,alter,v.,改變;修改
5,24,5,awe,v.,使敬畏;使畏怯
5,24,6,gasp,v.,倒抽一口氣;喘氣
5,24,7,grease,v.,塗油脂於;賄賂
5,24,8,handicap,v.,妨礙;使不利
5,24,9,moan,v.,呻吟;嗚咽;悲歎
5,24,10,vibrate,v.,顫動;振動;震動
5,24,11,boom,n.,隆隆聲;景氣;激增;暴漲
5,24,12,choir,n.,(教堂的)唱詩班;合唱團
5,24,13,disciple,n.,信徒;門徒
5,24,14,embrace,n.,擁抱
5,24,15,esteem,n.,尊重;評價
5,24,16,exile,n.,流放;流亡;被流放者
5,24,17,glee,n.,快樂;歡欣
5,24,18,heed,n.,留心;注意
5,24,19,interference,n.,干涉;干預;擾亂
5,24,20,mortal,n.,人;凡人
5,24,21,priority,n.,在先;重點;優先權
5,24,22,reverse,n.,相反;反面;反向
5,24,23,steer,n.,指點;建議; 肉用公牛
5,24,24,terminal,n.,終端機;接頭
5,25,1,civic,adj.,城市的;市民的
5,25,2,compound,adj.,合成的;複合的
5,25,3,geographical,adj.,地理學的;地理的
5,25,4,robust,adj.,強健的;健全的;結實的
5,25,5,understandable,adj.,可理解的;能懂的
5,25,6,creak,v.,發出咯吱咯吱聲
5,25,7,hiss,v.,發出嘶嘶聲;發出噓聲
5,25,8,menace,v.,威脅;恐嚇
5,25,9,perish,v.,消滅;暴卒;枯萎
5,25,10,prick,v.,刺(穿);扎(穿);使內心極度痛苦
5,25,11,publicize,v.,宣傳;公佈;廣告 (美式拼寫)
5,25,12,scrap,v.,將...作為廢物;將...拆毀
5,25,13,scrape,v.,刮;擦;勉強過日子
5,25,14,secure,v.,把...弄牢;關緊
5,25,15,stoop,v.,屈身;彎腰駝背;屈尊
5,25,16,widow,v.,使成寡婦(或鰥夫)
5,25,17,awhile,adv.,片刻
5,25,18,partly,adv.,部分地
5,25,19,butcher,n.,肉販
5,25,20,chair,n.,椅子
5,25,21,coil,n.,(一)捲;(一)圈;(一)匝;線圈
5,25,22,commentator,n.,(電臺電視臺等)時事評論者
5,25,23,confession,n.,承認;供認;告解
5,25,24,crouch,n.,蹲伏(姿勢)
5,25,25,denial,n.,否認;拒絕
5,25,26,despair,n.,絕望
5,25,27,folklore,n.,民間傳說
5,25,28,heir,n.,繼承人;嗣子
5,25,29,lump,n.,團;塊;腫塊;小方塊
5,26,1,continental,adj.,洲的;大陸的
5,26,2,innumerable,adj.,無數的
5,26,3,sloppy,adj.,懶散的;草率的
5,26,4,combat,v.,戰鬥;搏鬥;反對
5,26,5,confront,v.,面臨;遭遇
5,26,6,console,v.,安慰;慰問
5,26,7,heighten,v.,加高;增高;增加
5,26,8,overhear,v.,無意中聽到;偷聽
5,26,9,update,v.,使...合乎時代;更新
5,26,10,boxer,n.,拳擊手;拳師;拳師狗
5,26,11,compact,n.,連鏡小粉盒;小型轎車
5,26,12,coupon,n.,回數票;減價優待券
5,26,13,creek,n.,小河;溪
5,26,14,distinction,n.,區別;殊勳;榮譽
5,26,15,Fahrenheit,n.,華氏溫標
5,26,16,gender,n.,性別
5,26,17,intent,n.,意圖;目的
5,26,18,patriot,n.,愛國者
5,26,19,sensitivity,n.,敏感性;感受性
5,26,20,sneak,n.,溜走;不告而別; 打小報告者
5,26,21,stake,n.,股本;賭金;危險
5,26,22,sulfur,n.,硫(磺);硫磺色
5,26,23,tilt,n.,傾斜;傾向
5,26,24,whine,n.,哀鳴聲;牢騷
5,26,25,whisk,n.,撢;迅速移動;攪拌器
5,27,1,external,adj.,外面的;外來的
5,27,2,feeble,adj.,虛弱的;軟弱的
5,27,3,reverse,adj.,顛倒的;相反的;反向的
5,27,4,dazzle,v.,使眼花;使驚羨
5,27,5,format,v.,編排或安排成某種形式
5,27,6,plunge,v.,投入;將...插入;急降
5,27,7,repay,v.,償還;報答
5,27,8,sponge,v.,(用海綿)擦拭
5,27,9,squat,v.,蹲坐;蜷伏
5,27,10,zip,v.,以尖嘯聲行進;拉開拉鍊
5,27,11,downwards,adv.,向下
5,27,12,bonus,n.,獎金;額外津貼;分紅
5,27,13,boundary,n.,邊界;分界線;界限
5,27,14,celebrity,n.,名人;名流
5,27,15,cellphone,n.,手機;大哥大
5,27,16,certificate,n.,證明書;執照
5,27,17,clan,n.,氏族;部落;家族
5,27,18,dormitory,n.,學生宿舍 (=dorm)
5,27,19,flaw,n.,缺點;瑕疵;裂隙
5,27,20,fowl,n.,禽;禽肉
5,27,21,landlady,n.,女房東
5,27,22,peasant,n.,農夫
5,27,23,quack,n.,鴨叫聲
5,27,24,slaughter,n.,屠宰;大屠殺
5,27,25,surge,n.,大浪;波濤
5,28,1,destructive,adj.,破壞的;毀滅性的
5,28,2,eternal,adj.,永久的;永恆的
5,28,3,outgoing,adj.,直率的;往外的;即將離職的;友善的
5,28,4,browse,v.,瀏覽
5,28,5,discriminate,v.,歧視;區分出
5,28,6,drape,v.,(用布等鬆軟地)搭在...上;披上;蓋住
5,28,7,overwhelm,v.,壓倒;征服;使受不了
5,28,8,blond,n.,白膚金髮碧眼的人
5,28,9,gravity,n.,地心吸力
5,28,10,ivy,n.,常春藤
5,28,11,lodge,n.,木屋;小旅舍;守衛室
5,28,12,menace,n.,恐嚇;具有危害性的人(或物)
5,28,13,observer,n.,觀察員;奉行者
5,28,14,patch,n.,補釘;補片;貼片
5,28,15,pessimism,n.,悲觀;悲觀主義
5,28,16,rustle,n.,沙沙聲;窸窣聲
5,28,17,substitute,n.,代替物;代用品
5,28,18,wreath,n.,花圈;花冠
5,29,1,beneficial,adj.,有益的;有利的
5,29,2,corrupt,adj.,腐敗的;貪污的
5,29,3,hardy,adj.,能吃苦耐勞的;(植物等) 耐寒的
5,29,4,juvenile,adj.,少年的;孩子氣的;幼年的
5,29,5,nasty,adj.,齷齪的;卑鄙的;難處理的
5,29,6,oblong,adj. n.,橢圓形(的)
5,29,7,abide,v.,忍受;等候
5,29,8,cocoon,v.,緊緊包住
5,29,9,compel,v.,強迫;強求
5,29,10,grant,v.,同意;准予
5,29,11,poke,v.,戳;捅;撥弄
5,29,12,refute,v.,駁斥;反駁
5,29,13,segment,v.,分割;切成片
5,29,14,stride,v.,邁大步走;跨越
5,29,15,substitute,v.,用...代替;代替
5,29,16,veto,v.,否決;反對
5,29,17,acknowledgement,n.,承認;確認;致謝;回音;公證狀
5,29,18,armor,n.,盔甲;裝甲;(動物的)盔甲
5,29,19,auditorium,n.,會堂;禮堂
5,29,20,banner,n.,旗幟;橫幅;大標題
5,29,21,blonde,n.,白膚金髮碧眼的女人 (=blond)
5,29,22,ceremony,n.,儀式;典禮
5,29,23,chemist,n.,化學家
5,29,24,comedian,n.,喜劇演員
5,29,25,comet,n.,彗星
5,29,26,dressing,n.,打扮;佈置;裝飾;(拌沙拉等用的)調料
5,29,27,ego,n.,自我;自負
5,29,28,impulse,n.,衝動;推動力
5,29,29,logo,n.,商標
5,29,30,mound,n.,土墩;墳堆;小丘;投手的踏板
5,29,31,resident,n.,居民;住院醫生
5,29,32,slump,n.,暴跌;不景氣;消沈
5,29,33,sniff,n.,嗅;聞;吸氣聲
5,29,34,specimen,n.,樣品;標本
5,29,35,stump,n.,殘幹;(鉛筆)頭;(煙)蒂
5,29,36,thigh,n.,股;大腿
5,29,37,trifle,n.,瑣事;小玩意;乳脂鬆糕
5,30,1,abundant,adj.,大量的;充足的; 豐富的
5,30,2,alternate,adj.,輪流的; 替代的
5,30,3,barbarian,adj.,野蠻(人) 的
5,30,4,blonde,adj.,白膚金髮碧眼的
5,30,5,hostile,adj.,敵方的;懷敵意的
5,30,6,prior,adj.,在先的;在前的;居先的
5,30,7,vague,adj.,不清楚的; 不具體的
5,30,8,convert,v.,轉變;變換;改變信仰
5,30,9,groan,v.,呻吟;抱怨
5,30,10,hover,v.,盤旋;徘徊
5,30,11,mount,v.,登上;騎上;鑲嵌;發動(攻勢)
5,30,12,pluck,v.,採;拔...的毛;扯
5,30,13,ally,n.,同盟國;同盟者
5,30,14,destiny,n.,命運;天數
5,30,15,limp,n.,跛行
5,30,16,occurrence,n.,發生;出現;事件
5,30,17,odds,n.,機會;可能性;投注賠率;不和
5,30,18,peck,n.,啄;啄痕;輕吻
5,30,19,pillar,n.,柱子;棟樑
5,30,20,reminder,n.,提醒者;提醒物;催函
5,30,21,soak,n.,浸泡;浸漬
5,30,22,strait,n.,海峽
5,30,23,streak,n.,條紋;斑紋;光線
5,30,24,tangle,n.,糾結;紛亂
5,30,25,token,n.,標誌;象徵;代價券;籌碼
5,30,26,whirl,n.,旋轉;迴旋
5,30,27,whiskey,n.,威士忌酒(主要指產自美國及愛爾蘭的)
5,30,28,wilderness,n.,荒野;荒漠
5,30,29,yarn,n.,紗;紗線;冒險故事
5,31,1,gross,adj.,總的;粗略的;令人噁心的
5,31,2,martial,adj.,戰爭的;軍事的;尚武的
5,31,3,migrant,adj.,移居(尤指移出國境)
5,31,4,notable,adj.,值得注意的;顯著的
5,31,5,reckless,adj.,不在乎的;魯莽的
5,31,6,transparent,adj.,透明的;一目了然的;易懂的
5,31,7,batter,v.,連續猛擊;搗毀;把...用舊
5,31,8,counsel,v.,忠告;提議
5,31,9,distress,v.,使悲痛;使苦惱
5,31,10,dwarf,v.,使顯得矮小;阻礙生長
5,31,11,endeavor,v.,努力;力圖 (美式拼寫)
5,31,12,hound,v.,(用獵狗等) 追蹤
5,31,13,patch,v.,補綴;修補;拼湊
5,31,14,rustle,v.,(樹葉;紙等) 沙沙作響
5,31,15,clockwise,adj.,順時針方向的;右旋的
5,31,16,overall,adv.,總的來說;大體上
5,31,17,bass,n.,男低音;低音樂器;鱸魚
5,31,18,boredom,n.,無聊;厭倦
5,31,19,bureau,n.,事務處
5,31,20,carbon,n.,碳;複寫紙
5,31,21,carp,n.,鯉魚
5,31,22,grip,n.,緊握;(咬或夾)住;理解;掌握
5,31,23,gut,n.,腸子;內臟;勇氣
5,31,24,incense,n.,香
5,31,25,myth,n.,神話;虛構的人(或事物)
5,31,26,newscast,n.,新聞廣播
5,31,27,oar,n.,槳;櫓;划手
5,31,28,paradox,n.,自相矛盾的議論
5,31,29,pier,n.,碼頭;防波堤
5,31,30,quart,n.,夸脫(=2 品脫)
5,31,31,radish,n.,小蘿蔔
5,31,32,scandal,n.,醜聞;醜事
5,31,33,spacecraft,n.,太空船;航天器
5,31,34,spine,n.,脊柱;書脊;骨氣
5,31,35,storage,n.,貯藏;貯藏庫
5,31,36,thriller,n.,恐怖小說(或電影等)
5,31,37,vacancy,n.,空;空白;空房;空缺
5,32,1,locomotive,adj.,活動的;移動的;火車頭的
5,32,2,savage,adj.,野性的;兇猛的;殘酷的
5,32,3,ascend,v.,登高;上升;
5,32,4,gobble,v.,狼吞虎嚥;(火雞) 咯咯叫
5,32,5,gorge,v.,塞飽;狼吞虎嚥地吃
5,32,6,hedge,v.,用樹籬圍住;兩面下注; 拐彎抹角
5,32,7,nominate,v.,提名;任命
5,32,8,prevail,v.,勝過;優勝;流行
5,32,9,sympathize,v.,同情;憐憫 (美式拼寫)
5,32,10,throng,v.,擠滿;湧入
5,32,11,trot,v.,(馬等)小跑;(人)慢跑
5,32,12,ballot,n.,選票;候選人名單
5,32,13,batter,n.,打擊手;糊狀物
5,32,14,chatter,n.,嘮叨;饒舌;吱吱聲
5,32,15,clover,n.,苜蓿
5,32,16,compassion,n.,憐憫;同情
5,32,17,glacier,n.,冰河
5,32,18,gust,n.,一陣強風
5,32,19,indifference,n.,漠不關心;無關緊要
5,32,20,jade,n.,玉;玉製品;綠玉色
5,32,21,jeer,n.,嘲笑;奚落人的話
5,32,22,likelihood,n.,可能;可能性
5,32,23,livestock,n.,(總稱)家畜
5,32,24,nostril,n.,鼻孔
5,32,25,ornament,n.,裝飾品;裝飾
5,32,26,orphanage,n.,孤兒院;孤兒身分
5,32,27,pane,n.,窗玻璃片;窗格;嵌板
5,32,28,pastime,n.,消遣;娛樂
5,32,29,pilgrim,n.,香客;朝聖者
5,32,30,prick,n.,刺;扎;刺傷;悔恨
5,32,31,pulse,n.,脈搏;有節奏的跳動
5,32,32,rod,n.,棒;桿;竿
5,32,33,shrub,n.,矮樹;灌木
5,32,34,trench,n.,溝;溝渠;戰壕
5,33,1,agricultural,adj.,農業的
5,33,2,downward,adj.,向下的;下降的;日趨沒落的
5,33,3,hoarse,adj.,(嗓音)沙啞的
5,33,4,imperial,adj.,帝國的
5,33,5,outward,adj.,向外的;往外去的
5,33,6,sly,adj.,狡猾的
5,33,7,squat,adj.,蹲著的;矮胖的
5,33,8,supreme,adj.,最高的;至上的
5,33,9,bog,v.,陷入泥沼;動彈不得
5,33,10,cite,v.,引用;舉出;表揚
5,33,11,elaborate,v.,精心製作
5,33,12,flap,v.,(上下或前後)拍動;(鳥)振(翅)
5,33,13,marvel,v.,感到驚訝;感到好奇
5,33,14,pinch,v.,擰;夾
5,33,15,resent,v.,憤慨;怨恨
5,33,16,scorn,v.,輕蔑;藐視
5,33,17,straighten,v.,把...弄直;澄清
5,33,18,summon,v.,召喚
5,33,19,triple,v.,使成三倍;三倍於
5,33,20,endeavor,n.,努力;盡力 (=endenvour)
5,33,21,intuition,n.,直覺
5,33,22,milestone,n.,里程碑;劃時代的事件
5,33,23,motive,n.,動機;主旨
5,33,24,rattle,n.,咯咯聲;吵鬧聲
5,33,25,setting,n.,安裝;設定;鑲嵌;背景
5,33,26,shiver,n.,顫抖;寒顫
5,33,27,splendor,n.,光輝;壯觀;輝煌
5,33,28,suitcase,n.,小型旅行箱;手提箱
5,33,29,throne,n.,王座;神座;君權;帝王
5,34,1,centigrade,adj.,攝氏的
5,34,2,resident,adj.,居住的;定居的;常駐的
5,34,3,brace,v.,支撐;做好準備
5,34,4,coil,v.,捲;盤繞;捲成圈
5,34,5,crunch,v.,嘎吱作響地咬嚼(或踩壓)
5,34,6,escort,v.,護送;為...護航;陪同
5,34,7,graze,v.,吃草;放牧;擦傷
5,34,8,jingle,v.,發出叮噹聲
5,34,9,nag,v.,使煩惱;糾纏不休;不斷嘮叨
5,34,10,salute,v.,向...行禮;向...致敬
5,34,11,bodily,adv.,親身地;以肉體形式;整體地
5,34,12,aisle,n.,通道;走道
5,34,13,architect,n.,建築師
5,34,14,botany,n.,植物學;(總稱)一個地區的植物
5,34,15,cactus,n.,仙人掌
5,34,16,cluster,n.,串;簇;群
5,34,17,counsel,n.,商議;忠告;法律顧問
5,34,18,dialect,n.,方言
5,34,19,dough,n.,生麵糰;現款
5,34,20,dusk,n.,薄暮;黃昏
5,34,21,escort,n.,護衛隊;護航隊;護送;護航
5,34,22,foe,n.,敵人;反對者
5,34,23,handicap,n.,障礙;不利條件
5,34,24,hermit,n.,隱士
5,34,25,housing,n.,房屋;住宅
5,34,26,odor,n.,氣味
5,34,27,optimism,n.,樂觀;樂觀主義
5,34,28,participant,n.,關係者;參與者
5,34,29,prairie,n.,大草原
5,34,30,resort,n.,休閒度假之處;名勝
5,35,1,rear,adj.,後面的;背後的
5,35,2,sober,adj.,清醒的;沒喝醉的;嚴肅的
5,35,3,weird,adj.,怪誕的
5,35,4,bully,v.,脅迫;欺侮
5,35,5,conserve,v.,保存;保護;節省
5,35,6,layer,v.,把...堆積成層
5,35,7,puff,v.,一陣陣地吹;喘氣;用粉撲施粉
5,35,8,purchase,v.,買;購買
5,35,9,qualify,v.,使具有資格
5,35,10,rejoice,v.,欣喜;慶祝
5,35,11,sneak,v.,偷偷地走;溜
5,35,12,wail,v.,慟哭;(警笛等)尖嘯;哀訴
5,35,13,lest,conj.,惟恐;免得;擔心
5,35,14,bandit,n.,強盜;土匪
5,35,15,bronze,n.,青銅;青銅製品;古銅色
5,35,16,bully,n.,恃強欺弱者;惡霸
5,35,17,contemporary,n.,同時代的人;同年齡的人;同時期的東西
5,35,18,corporation,n.,股份(有限)公司
5,35,19,curry,n.,咖喱
5,35,20,democrat,n.,民主主義者
5,35,21,estate,n.,地產
5,35,22,eyelid,n.,眼皮;眼瞼
5,35,23,fin,n.,鰭;鰭狀物
5,35,24,fishery,n.,漁業; 漁場
5,35,25,fluency,n.,流暢;流暢的說話(或寫作)
5,35,26,format,n.,版式;形式
5,35,27,journalism,n.,新聞業;新聞學
5,35,28,mayonnaise,n.,蛋黃醬;美乃滋
5,35,29,parallel,n.,平行線;平行面
5,35,30,rail,n.,欄杆;扶手;鐵軌
5,35,31,salmon,n. adj.,鮭魚;鮭肉;鮭肉色 (的)
5,35,32,swamp,n.,沼澤;沼澤地;困境
5,35,33,torment,n.,痛苦;苦惱;折磨
5,36,1,chubby,adj.,圓胖的
5,36,2,crystal,adj.,水晶的
5,36,3,excess,adj.,過量的;額外的
5,36,4,massive,adj.,厚實的;粗大的;大量的
5,36,5,sole,adj.,單獨的;唯一的
5,36,6,widespread,adj.,分佈(或散佈)的; 普遍的; 廣泛的
5,36,7,anchor,v.,拋錨;繫住;主持電視新聞節目
5,36,8,clutch,v.,抓住;攫取
5,36,9,embrace,v.,擁抱;包含;抓住(機會等)
5,36,10,fiddle,v.,拉提琴;胡來;騙取
5,36,11,gulp,v.,狼吞虎嚥;大口地吸(氣)
5,36,12,hijack,v.,劫持
5,36,13,lumber,v.,伐木; 緩慢笨拙地行動
5,36,14,mourn,v.,哀痛;哀悼
5,36,15,mumble,v.,含糊地說;咕噥
5,36,16,overdo,v.,把...做得過分;使過於疲勞
5,36,17,patent,v.,取得...的專利權
5,36,18,reel,v.,捲;繞
5,36,19,sow,v.,播(種)
5,36,20,upwards,adv.,向上地;朝上
5,36,21,alligator,n.,短吻鱷
5,36,22,antique,n.,古物;古董;古風
5,36,23,astronaut,n.,太空人;宇航員
5,36,24,creak,n.,咯吱咯吱聲
5,36,25,gleam,n.,微光;閃光;一絲
5,36,26,handicraft,n.,手工藝;手工藝品
5,36,27,interpretation,n.,解釋;闡明
5,36,28,personnel,n.,(總稱)人員;員工;人事部門
5,36,29,plunge,n.,跳入;衝進;猛跌
5,36,30,relic,n.,遺物;遺風;遺跡
5,36,31,reptile,n.,爬行動物;爬蟲類
5,36,32,solitary,n.,獨居者;隱士
5,36,33,stroll,n.,散步;閒逛
5,36,34,tenant,n.,房客
5,36,35,trademark,n.,商標
5,36,36,woodpecker,n.,啄木鳥
5,37,1,bodily,adj.,肉體的;身體的;有形的
5,37,2,foul,adj.,惡臭的;污濁的;惡劣的;犯規的
5,37,3,parallel,adj.,平行的;同方向的
5,37,4,assault,v.,攻擊;抨擊;施暴
5,37,5,bid,v.,吩咐;(拍賣中)出價
5,37,6,boom,v.,發出隆隆聲;激增;暴漲;興旺
5,37,7,chatter,v.,喋喋不休;吱吱叫
5,37,8,dwell,v.,居住;存在於;思索
5,37,9,entitle,v.,給...權力(或資格)
5,37,10,gross,v.,獲得...總收入(或毛利); 令人憎惡
5,37,11,preach,v.,佈道;說教
5,37,12,rip,v.,撕;扯
5,37,13,shove,v.,推;撞;亂塞
5,37,14,submit,v.,提交;呈遞;使服從
5,37,15,copyright,n.,版權;著作權
5,37,16,longitude,n.,經度
5,37,17,mammal,n.,哺乳動物
5,37,18,rim,n.,(尤指圓形物的)邊緣
5,37,19,scroll,n.,卷軸;渦卷形裝飾
5,37,20,skull,n.,頭骨;骷髏畫
5,37,21,strap,n.,帶子;皮帶
5,38,1,alien,adj.,外國的;外國人的
5,38,2,extensive,adj.,廣大的;廣闊的
5,38,3,exterior,adj.,外部的;外面的
5,38,4,stray,adj.,迷路的;流浪的;零星的
5,38,5,substantial,adj.,大量的;實在的
5,38,6,utter,adj.,徹底的;十足的;絕對的
5,38,7,blur,v.,使模糊不清;使朦朧
5,38,8,output,v.,生產;使出;輸出
5,38,9,overwork,v.,使工作過度;使過勞;過度使用
5,38,10,reside,v.,居住;駐在
5,38,11,stain,v.,沾污;染污;染色
5,38,12,suspend,v.,使中止
5,38,13,swamp,v.,使陷入沼澤;淹沒;使陷入困境
5,38,14,adulthood,n.,成年(期)
5,38,15,agenda,n.,議程
5,38,16,alternate,n.,代替者;候補者
5,38,17,architecture,n.,建築學
5,38,18,bid,n.,出價
5,38,19,bolt,n.,門栓;螺栓;電光;衝撞
5,38,20,boxing,n.,拳擊;拳術;裝箱
5,38,21,carnation,n.,康乃馨;淡紅色
5,38,22,evergreen,n.,常綠樹;萬年青
5,38,23,frontier,n.,邊境;邊疆;新領域
5,38,24,gallop,n.,(馬等的)疾馳;騎馬奔馳
5,38,25,gospel,n.,基督教教義;福音書
5,38,26,howl,n.,嗥叫;怒吼;大哭;大笑
5,38,27,mount,n.,騎;可乘騎的東西;底座;山丘
5,38,28,nickel,n.,鎳;五分鎳幣
5,38,29,plague,n.,瘟疫;天災;禍患
5,38,30,porch,n.,門廊;入口處;走廊
5,38,31,prey,n.,被捕食的動物;犧牲者
5,38,32,prop,n.,支柱;支撐物;後盾;道具
5,38,33,proportion,n.,比例;比率
5,38,34,puff,n.,(一)吹;粉撲;(奶油)鬆餅
5,38,35,resume,n.,(個人)簡歷
5,38,36,rubbish,n.,垃圾;廢物
5,38,37,torch,n.,火炬;火把
5,38,38,underneath,n.,下面;底部
5,38,39,yoga,n.,瑜珈
5,38,40,zoom,n.,嗡嗡聲;變焦攝影
5,39,1,majestic,adj.,雄偉的;威嚴的;崇高的
5,39,2,polar,adj.,北極的;南極的;截然對立的
5,39,3,republican,adj.,共和政體的
5,39,4,rigid,adj.,堅硬的;嚴格的;死板的
5,39,5,solitary,adj.,單獨的;唯一的;隱居的
5,39,6,compute,v.,計算;估算;推斷
5,39,7,deceive,v.,欺騙;蒙蔽
5,39,8,delegate,v.,委派...為代表
5,39,9,despair,v.,絕望;喪失信心
5,39,10,mock,v.,嘲弄;取笑
5,39,11,savage,v.,兇猛地攻擊;激烈抨擊
5,39,12,scent,v.,嗅;聞
5,39,13,trample,v.,踩;踐踏;蔑視
5,39,14,weary,v.,使疲倦;使厭煩
5,39,15,upright,adv.,挺直地;垂直地;豎著
5,39,16,barbarian,n.,野蠻人
5,39,17,bruise,n.,青腫;(水果等)碰傷;挫傷
5,39,18,caution,n.,小心;謹慎;警告
5,39,19,combat,n.,戰鬥;格鬥;反對
5,39,20,destination,n.,目的地;終點
5,39,21,eclipse,n.,蝕;被遮蔽;黯然失色
5,39,22,glitter,n.,閃光;光彩;(裝飾用)小發光物
5,39,23,overall,n.,工作褲;工作服;防護服
5,39,24,reign,n.,統治;在位期間
5,39,25,residence,n.,住所;住宅
5,39,26,snatch,n.,奪取;抓走; 片段
5,39,27,woe,n.,悲哀;災難
5,40,1,bronze,adj.,青銅製的;青銅色的
5,40,2,stout,adj.,矮胖的;結實的;牢固的
5,40,3,wholesome,adj.,有益健康的;強健的
5,40,4,crib,v.,作弊;抄襲
5,40,5,dart,v.,投擲(標槍等); 猛衝; 飛奔
5,40,6,index,v.,編索引
5,40,7,initiate,v.,創始;初學;(通過儀式)加入
5,40,8,rattle,v.,使發出咯咯聲;使驚惶失措
5,40,9,tick,v.,發滴答聲;責備; 打勾
5,40,10,airway,n.,風道;氣道;航空公司
5,40,11,broth,n.,(用肉蔬菜等煮成的)湯
5,40,12,cocoon,n.,繭
5,40,13,commuter,n.,通勤者
5,40,14,compass,n.,羅盤;指南針;圓規
5,40,15,conduct,n.,行為;品行;舉動
5,40,16,contempt,n.,輕視;(對法庭等的)藐視
5,40,17,counselor,n.,顧問;(學生的)輔導員;律師
5,40,18,distress,n.,悲痛;苦惱
5,40,19,foul,n.,(比賽中)犯規
5,40,20,marvel,n.,令人驚奇的事物(或人物)
5,40,21,miser,n.,吝嗇鬼;守財奴
5,40,22,mock,n.,嘲弄;笑柄;仿製品;模擬考
5,40,23,mower,n.,割草機;收割機
5,40,24,nightingale,n.,夜鶯
5,40,25,poke,n.,戳;捅;撥弄;慢性子的人
5,40,26,quiver,n.,顫抖;抖動;箭袋內的箭
5,40,27,sandal,n.,涼鞋;拖鞋
5,40,28,terrace,n.,大陽臺;露天階梯看臺;梯田
5,40,29,vegetation,n.,植被;草木
5,40,30,ward,n.,病房;牢房;行政區
5,40,31,warehouse,n.,倉庫;批發店
5,41,1,manifest,adj.,顯然的;清楚的
5,41,2,sovereign,adj.,最高統治者的;具有獨立主權的
5,41,3,flick,v.,疾飛;掠過; 輕彈
5,41,4,gallop,v.,(馬等)疾馳
5,41,5,growl,v.,(狗等)嗥叫;(人)咆哮
5,41,6,scheme,v.,策劃;密謀
5,41,7,badge,n.,徽章;證章
5,41,8,cardboard,n.,硬紙板;卡紙板
5,41,9,carton,n.,紙盒;紙板箱
5,41,10,celery,n.,芹菜
5,41,11,clasp,n.,扣子;鉤子;夾子;緊握;緊抱
5,41,12,customs,n.,關稅;報關手續;海關出入境口
5,41,13,dazzle,n.,耀眼的光;令人讚歎的東西
5,41,14,fury,n.,狂怒;狂暴;猛烈
5,41,15,haunt,n.,常去之處
5,41,16,herald,n.,報信者;使者;先驅
5,41,17,jasmine,n.,茉莉;淡黃色
5,41,18,ozone,n.,臭氧
5,41,19,reef,n.,礁;暗礁
5,41,20,sermon,n.,佈道;說教
5,41,21,sponge,n.,海綿;海綿狀物
5,41,22,vigor,n.,活力；精力
5,41,23,wheelchair,n.,輪椅
5,41,24,whereabouts,n.,行蹤;下落
5,41,25,whisky,n.,威士忌酒(主要指產自蘇格蘭和加拿大的)
5,42,1,maiden,adj.,未婚的;少女的;初次的
5,42,2,ally,v.,使結盟;使聯姻
5,42,3,document,v.,用文件證明; 記錄
5,42,4,harness,v.,上挽具;套(馬)
5,42,5,lame,v.,使跛腳;使...變得無力
5,42,6,profile,v.,畫側面像;描出輪廓;寫傳略
5,42,7,referee,v.,為...擔任裁判;仲裁
5,42,8,veil,v.,用帷幕分隔;掩飾;戴面紗
5,42,9,blast,n.,(一陣)疾風;突然吹奏;爆破
5,42,10,chant,n.,詠唱;吟誦;單調的語調
5,42,11,crater,n.,火山口;巨大坑洞
5,42,12,eel,n.,鰻魚
5,42,13,fad,n.,一時的流行(或風尚)
5,42,14,gasp,n.,倒抽一口氣;喘氣
5,42,15,gathering,n.,集會;聚集
5,42,16,gorge,n.,峽谷;暴食
5,42,17,layer,n.,層;階層;地層
5,42,18,lumber,n.,木材;木料
5,42,19,muse,n.,沈思;冥想
5,42,20,oyster,n.,牡蠣;沈默寡言的人
5,42,21,peacock,n.,孔雀;愛炫耀的人
5,42,22,precaution,n.,謹慎;預防措施
5,42,23,realm,n.,王國;國土;領土
5,42,24,referee,n.,裁判員;仲裁人
5,42,25,retort,n.,回嘴;反駁
5,42,26,ridge,n.,屋脊;山脈;(狹長的)隆起部
5,42,27,zinc,n.,鋅
5,43,1,gorgeous,adj.,燦爛的;華麗的;極好的
5,43,2,permissible,adj.,可允許的
5,43,3,broaden,v.,變寬;變闊;擴大
5,43,4,clasp,v.,扣住;鉤住;緊抱;緊握
5,43,5,contaminate,v.,弄髒;污染
5,43,6,corrupt,v.,使腐敗;使墮落;賄賂
5,43,7,grumble,v.,發牢騷;咕噥;發轟隆聲
5,43,8,lessen,v.,變小;變少;減輕
5,43,9,rumble,v.,(雷等)隆隆響;(車輛)轆轆行駛
5,43,10,scan,v.,細看;審視
5,43,11,snore,v.,打鼾
5,43,12,arena,n.,體育場;競技場
5,43,13,groan,n.,呻吟聲;抱怨(聲)
5,43,14,hairdo,n.,髮式;髮型; 做頭髮
5,43,15,horizontal,n.,水平線;水平面;水平位置
5,43,16,issue,n.,問題;爭論;發行(物)
5,43,17,mainstream,n.,(河的)主流;主要傾向
5,43,18,opponent,n.,對手;敵手;反對者
5,43,19,quest,n.,追求;探索
5,43,20,rascal,n.,無賴;淘氣鬼
5,43,21,rip,n.,裂口
5,43,22,saint,n.,聖徒;道德崇高的人
5,43,23,stoop,n.,彎腰;駝背;屈尊; 門廊
5,43,24,trot,n.,(馬等的)小跑;(人的)慢跑
5,44,1,cautious,adj.,十分小心的;謹慎的
5,44,2,heroic,adj.,英雄的;英勇的
5,44,3,structural,adj.,建築上的;建築用的;結構上的
5,44,4,vigorous,adj.,精力充沛的
5,44,5,caution,v.,警告;使小心
5,44,6,comprehend,v.,理解;領會;包含
5,44,7,crouch,v.,蹲伏;彎腰
5,44,8,haunt,v.,(鬼魂等)出沒; 縈繞
5,44,9,outdo,v.,勝過;超越
5,44,10,overeat,v.,吃得過飽
5,44,11,oversleep,v.,睡過頭
5,44,12,reckon,v.,認為;把...看作;覺得;測量
5,44,13,slay,v.,殺死;殺害
5,44,14,tiptoe,v.,踮著腳
5,44,15,wade,v.,涉水而行;艱難地前進
5,44,16,undoubtedly,adv.,毫無疑問地;肯定地
5,44,17,continuity,n.,連續性;一貫性
5,44,18,currency,n.,通貨;貨幣
5,44,19,dart,n.,標槍;鏢;飛奔
5,44,20,hoof,n.,蹄
5,44,21,idiot,n.,白癡;笨蛋
5,44,22,moan,n.,呻吟聲;嗚咽聲;悲歎
5,44,23,tart,n.,水果餡餅;水果蛋糕
5,44,24,yeast,n.,酵母;酵母片
5,45,1,communist,adj.,共產主義的
5,45,2,shabby,adj.,破爛的;破舊的;邋遢的
5,45,3,trim,adj.,整齊的;苗條的
5,45,4,incense,v.,激怒;敬香
5,45,5,jeer,v.,嘲笑;嘲弄
5,45,6,limp,v.,跛行; 艱難移動
5,45,7,peck,v.,琢;輕吻
5,45,8,peek,v.,偷看;窺視
5,45,9,preview,v.,試演;試映;預習
5,45,10,rack,v.,把...放在架子上; 使...受折磨
5,45,11,stake,v.,把...押下打賭;拿...冒險
5,45,12,tar,v.,塗焦油於;玷污;污辱
5,45,13,umpire,v.,仲裁;當裁判
5,45,14,upward,adv.,向上;在上面;以上;超過
5,45,15,adolescent,n.,青少年
5,45,16,browse,n.,瀏覽
5,45,17,dwelling,n.,住處;寓所
5,45,18,enterprise,n.,企業;公司
5,45,19,honk,n.,雁鳴或汽車喇叭聲
5,45,20,hound,n.,獵犬;卑劣的人
5,45,21,institute,n.,(專科性的)學校;大學;研究所
5,45,22,locomotive,n.,火車頭
5,45,23,maiden,n.,少女;處女
5,45,24,plea,n.,請求;懇求
5,45,25,rack,n.,掛物架;(行李)網架
5,45,26,sentiment,n.,感情;情緒;感傷
5,45,27,squat,n.,蹲坐;蜷伏; 偷住的房子
5,45,28,stack,n.,乾草堆;一疊;煙囪
5,45,29,velvet,n. adj.,天鵝絨;絲絨(般的)
5,45,30,veto,n.,否決;否決權
5,45,31,visa,n.,簽證
5,46,1,knowledgeable,adj.,博學的;有見識的
5,46,2,sturdy,adj.,結實的;健康的;堅固的
5,46,3,weary,adj.,疲倦的;厭倦的
5,46,4,bleach,v.,漂白;曬得褪色;使脫色
5,46,5,erect,v.,使豎立;使豎直
5,46,6,flip,v.,(為作出決定而)擲(硬幣);輕拋
5,46,7,gnaw,v.,啃;嚙;折磨
5,46,8,gut,v.,取出內臟;損毀(房屋等)
5,46,9,prolong,v.,延長;拉長;拖延
5,46,10,reproduce,v.,繁殖;複製
5,46,11,slam,v.,猛地關上;砰地放下;打成滿貫
5,46,12,tempt,v.,引誘;誘惑
5,46,13,trim,v.,修剪;修整;整理;削減
5,46,14,worship,v.,崇拜;拜神;做禮拜
5,46,15,adolescence,n.,青春期
5,46,16,behalf,n.,代表
5,46,17,bulk,n.,體積;容積;大塊;大多數
5,46,18,compliment,n.,恭維;問候;致意
5,46,19,cracker,n.,(淡或鹹的)薄脆餅乾;鞭炮
5,46,20,hedge,n.,樹籬;界限;兩面下注
5,46,21,interior,n.,內部;內地
5,46,22,oasis,n.,(沙漠中)的綠洲
5,46,23,patent,n.,專利;專利權
5,46,24,patrol,n.,巡邏;巡邏兵
5,46,25,performer,n.,演出者;演奏者;表演者
5,46,26,pocketbook,n.,錢包;皮夾子;袖珍本
5,46,27,scheme,n.,計劃;方案
5,46,28,scramble,n.,爬行;攀登;爭奪
5,46,29,spotlight,n.,聚光燈;公眾注意的中心
5,46,30,tuck,n.,(衣服等的)褶襉;打褶
5,46,31,vein,n.,靜脈;(葉翅，礦)脈;紋理
5,46,32,violinist,n.,小提琴手
5,46,33,wig,n.,假髮
5,46,34,yield,n.,產量;利潤
5,47,1,passionate,adj.,熱情的;激昂的
5,47,2,stylish,adj.,時髦的;漂亮的
5,47,3,ballot,v.,投票;投票表決
5,47,4,cling,v.,黏著;依附;墨守
5,47,5,compact,v.,使緊密;壓緊;使簡潔
5,47,6,eclipse,v.,蝕;遮蔽;使失色;投下陰影
5,47,7,execute,v.,實施;執行;處死
5,47,8,glare,v.,怒目注視;眩目地照射
5,47,9,parallel,v.,與...平行;比得上
5,47,10,perch,v.,(鳥)飛落;棲息;(在較高處)暫歇
5,47,11,plow,v.,犁;耕;開(路);破(浪)前進 (=plough)
5,47,12,prune,v.,修剪;修整;修枝
5,47,13,stumble,v.,絆腳;絆倒;踉蹌
5,47,14,stutter,v.,結結巴巴地說話
5,47,15,inland,adv.,向內地;向內陸
5,47,16,booth,n.,(有篷的)貨攤;崗亭;(餐廳等)雅座
5,47,17,bowel,n.,腸;內部;深處
5,47,18,chord,n.,(樂器的)弦;心弦;弦桿;和音
5,47,19,colonel,n.,陸軍上校
5,47,20,correspondence,n.,一致;相對應;通信;(總稱)信件
5,47,21,corridor,n.,迴廊;通道
5,47,22,document,n.,文件;證件
5,47,23,excess,n.,超越;過量
5,47,24,output,n.,出產;生產;產量
5,47,25,pastry,n.,酥皮點心
5,47,26,radius,n.,半徑
5,47,27,republican,n.,共和主義者
5,47,28,segment,n.,部分;部門;切片
5,47,29,skeleton,n.,骨骼;骨瘦如柴的人(或動物);概略
5,47,30,slam,n.,砰然聲;(撲克牌的)滿貫
5,47,31,spectacle,n.,景象;奇觀;壯觀
5,47,32,tramp,n.,沈重的腳步聲;流浪;流浪者;蕩婦
5,47,33,trim,n.,修剪;修整;鑲邊飾
5,47,34,zip,n.,(子彈的)尖嘯聲;拉鍊;零
5,48,1,ridiculous,adj.,可笑的;荒謬的;滑稽的
5,48,2,statistical,adj.,統計的;統計學的
5,48,3,upward,adj.,向上的;升高的
5,48,4,brood,v.,孵蛋;籠罩;沈思;沮喪
5,48,5,butcher,v.,屠宰(牲口)
5,48,6,induce,v.,導致;誘導;歸納出
5,48,7,inquire,v.,訊問;查問;調查
5,48,8,sniff,v.,嗅;用力吸;抽鼻涕
5,48,9,stereotype,v.,使成為陳規;把...澆鑄成鉛板
5,48,10,blaze,n.,火焰;火災;光輝;掃射
5,48,11,console,n.,操縱臺
5,48,12,discard,n.,拋棄;丟棄
5,48,13,harness,n.,馬具;挽具;保險帶
5,48,14,nucleus,n.,(原子)核;細胞核;核心
5,48,15,overwork,n.,過於繁重的工作;過勞
5,48,16,province,n.,省;州
5,48,17,scan,n.,掃描
5,48,18,scar,n.,疤;(物品等的)損傷痕
5,48,19,sergeant,n.,中士;警官
5,48,20,update,n.,最新的(信息報導等); 更新
5,48,21,wholesale,n.,批發
5,48,22,yacht,n.,快艇;遊艇
5,49,1,airtight,adj.,密閉的;無懈可擊的
5,49,2,distinctive,adj.,有特色的;特殊的
5,49,3,evergreen,adj.,常綠的;常青的
5,49,4,indignant,adj.,憤怒的;憤慨的
5,49,5,monstrous,adj.,怪異的;駭人聽聞的;巨大的
5,49,6,triple,adj.,三倍的;三重的
5,49,7,abolish,v.,廢除;廢止
5,49,8,bound,v.,與...接界;跳躍;彈回
5,49,9,computerize,v.,使電腦化;用電腦處理 (美式拼寫)
5,49,10,exile,v.,流放;放逐
5,49,11,mutter,v.,咕噥;抱怨
5,49,12,strap,v.,用帶捆綁(或束住)
5,49,13,toil,v.,苦幹;艱難地行進
5,49,14,underline,v.,劃線於...之下;強調
5,49,15,wring,v.,絞;擰;緊握
5,49,16,yarn,v.,講故事;長談
5,49,17,nowhere,adv.,任何地方都不
5,49,18,academy,n.,學院;大學;研究院
5,49,19,ass,n.,驢子;笨蛋;太自負的人
5,49,20,communist,n.,共產主義者
5,49,21,comrade,n.,夥伴;同事;(共產黨的)同志
5,49,22,curb,n.,人行道旁的水泥(或石)邊;抑制
5,49,23,curriculum,n.,學校的全部課程
5,49,24,duration,n.,持續;持久
5,49,25,jingle,n.,(鈴硬幣等金屬的)叮噹聲
5,49,26,jug,n.,水罐;甕;壺;監牢
5,49,27,lieutenant,n.,中尉(或少尉);助理官
5,49,28,monarch,n.,君主
5,49,29,moss,n.,苔蘚;泥炭沼澤
5,49,30,mutton,n.,羊肉
5,49,31,prior,n.,修道院院長或副院長
5,49,32,prune,n.,梅乾;深紫紅色
5,49,33,rear,n.,後部;後面
5,49,34,resentment,n.,憤慨;怨恨
5,49,35,simmer,n.,即將沸騰(或爆發)的狀態
5,49,36,spaceship,n.,太空船
5,49,37,sprint,n.,全速疾跑;短距離賽跑
5,49,38,strain,n.,拉緊;張力;壓力;扭傷;血緣
5,49,39,tan,n.,棕褐色;曬成的棕褐膚色;鞣料
5,49,40,thrill,n.,興奮;顫抖;引起激動的事物
5,50,1,indispensable,adj.,必不可少的;必需的
5,50,2,minimal,adj.,最小的;極微的
5,50,3,patent,adj.,專利的
5,50,4,straightforward,adj.,一直向前的;正直的;簡單易懂的
5,50,5,mediate,v.,調停解決;傳達
5,50,6,scar,v.,結疤;留下傷痕
5,50,7,outwards,adv.,向外;出海;出港;顯而易見地
5,50,8,astronomy,n.,天文學
5,50,9,comprehension,n.,理解;理解力
5,50,10,executive,n.,執行者;業務主管
5,50,11,journalist,n.,新聞工作者
5,50,12,lad,n.,男孩;小伙子
5,50,13,marshal,n.,元帥;高級將官;典禮官
5,50,14,preference,n.,偏愛;優先(權)
5,50,15,sheriff,n.,警長
5,50,16,stewardess,n.,(客機輪船)女服務員

5,50,17,throng,n.,人群;大群;群集
